{"cameraMatrixLeft": [[1.0, 0.0, 0.0], [0.0, 1.0, 0.0], [0.0, 0.0, 1.0]], "cameraMatrixRight": [[1.0, 0.0, 0.0], [0.0, 1.0, 0.0], [0.0, 0.0, 1.0]], "distCoeffsLeft": [[-0.00742497976, 3.74099082, -0.00181154814, 0.000365969196, 0.0]], "distCoeffsRight": [[0.00405620881, 3.27334706, -0.000500835868, 0.00156068477, 0.0]], "Q": [[1.0, 0.0, 0.0, -135.656494140625], [0.0, 1.0, 0.0, 14065.484130859375], [0.0, 0.0, 0.0, -18563.55202105987], [0.0, 0.0, -4.352964105815264e-05, 0.0]], "P1": [[-18563.55202105987, 0.0, 135.656494140625, 0.0], [0.0, -18563.55202105987, -14065.484130859375, 0.0], [0.0, 0.0, 1.0, 0.0]], "P2": [[-18563.55202105987, 0.0, 135.656494140625, 0.0], [0.0, -18563.55202105987, -14065.484130859375, -426457732.4738385], [0.0, 0.0, 1.0, 0.0]]}